INSERT INTO Biblioteca VALUES (
	345,		
	'Virgil Carianopol',		
	'Caracal'	
); 


INSERT INTO Angajati VALUES (
	97860616,
	'Popescu',
	'David'
); 


INSERT INTO Angajati VALUES (
	97860617,
	'Popescu',
	'Alexandra'
); 


INSERT INTO Angajati VALUES (
	97860618,
	'Ionescu',
	'Marius'
); 


INSERT INTO Angajati VALUES (
	97860619,
	'Draghici',
	'Alexia'
); 


INSERT INTO Angajati VALUES (
	97860620,
	'Draghici',
	'Cerasela'
); 


INSERT INTO Angajati VALUES (
	97860621,
	'Geambasu',
	'Catrinel'
); 


INSERT INTO Angajati VALUES (
	97860622,
	'Marinescu',
	'Claudia'
); 


INSERT INTO Angajati VALUES (
	97860623,
	'Savu',
	'Claudia'
); 


INSERT INTO Angajati VALUES (
	97860624,
	'Andrei',
	'Floriana'
); 


INSERT INTO Angajati VALUES (
	97860625,	
	'Florea',	
	'Floriana'	
); 


INSERT INTO Angajati VALUES (
	97860615,
	'Antonescu',
	'Bogdan'
); 


INSERT INTO Angajati VALUES (
	97860614,
	'Truica',
	'Denisa'
); 



INSERT INTO Angajati VALUES (
	97860613,
	'Iancu',
	'Alexandru'
); 


INSERT INTO Angajati VALUES (
	97860612,
	'Stoenescu',
	'Andreea'
); 



INSERT INTO Angajati VALUES (
	97860611,
	'Dragomir',
	'Maria'
); 



INSERT INTO Angajati VALUES (
	97860610,
	'Toma',
	'Catalin'
); 



INSERT INTO Angajati VALUES (
	97860609,
	'Ivan',
	'Adrian'
);


INSERT INTO Angajati VALUES (
	97860677,
	'Ionascu',
	'Mihaela'
);


INSERT INTO Angajati VALUES (
	97860679,
	'Olteanu',
	'Alina'
);


INSERT INTO Angajati VALUES (
	97860688,
	'Ivanescu',
	'Carmen'
);


INSERT INTO Autori VALUES (
	271,
	'Alexandre',
	'Dumas'
); 


INSERT INTO Autori VALUES (
	272,
	'Eminescu',
	'Mihai'
); 


INSERT INTO Autori VALUES (
	273,
	'Slavici',
	'Ioan'
); 


INSERT INTO Autori VALUES (
	274,
	'Creanga',
	'Ion'
); 


INSERT INTO Autori VALUES (
	275,
	'Rebreanu',
	'Liviu'
); 


INSERT INTO Autori VALUES (
	276,
	'Binder',
	'Irina'
); 


INSERT INTO Autori VALUES (
	277,
	'Carnegie',
	'Dale'
); 


INSERT INTO Autori VALUES (
	278,
	'Irvin',
	'Yalom'
); 


INSERT INTO Autori VALUES (
	279,
	'Taddeo',
	'Lisa'
); 


INSERT INTO Autori VALUES (
	280,
	'Manson',
	'Mark'
); 


INSERT INTO Autori VALUES (
	281,
	'Cartarescu',
	'Mircea'
); 


INSERT INTO Autori VALUES (
	282,
	'Blandiana',
	'Ana'
); 


INSERT INTO Autori VALUES (
	283,
	'Arghezi',
	'Tudor'
); 


INSERT INTO Autori VALUES (
	284,
	'Blaga',
	'Lucian'
); 


INSERT INTO Autori VALUES (
	285,
	'Dostoievski',
	'FM'
); 


INSERT INTO Autori VALUES (
	286,
	'Eliade',
	'Mircea'
); 


INSERT INTO Autori VALUES (
	287,
	'Calinescu',
	'George'
); 


INSERT INTO Autori VALUES (
	288,
	'Petrescu',
	'Camil'
); 


INSERT INTO Autori VALUES (
	289,
	'Bacovia',
	'George'
); 


INSERT INTO Autori VALUES (
	290,
	'Macedonski',
	'Alexandru'
); 


INSERT INTO Autori VALUES (
	291,
	'Cornea',
	'Andrei'
); 


INSERT INTO Autori VALUES (
	292,
	'Pinkola',
	'Clarissa'
); 


INSERT INTO Autori VALUES (
	293,
	'Cioran',
	'Emil'
); 


INSERT INTO Autori VALUES (
	294,
	'Ispirescu',
	'Petre'
); 


INSERT INTO Autori VALUES (
	295,
	'Cosbuc',
	'George'
); 


INSERT INTO Edituri VALUES (
	1785,
	'Corint',
	'Marinescu nr.15'
); 


INSERT INTO Edituri VALUES (
	1786,
	'Paralela 45',
	'Calea Bucuresti nr.8'
); 


INSERT INTO Edituri VALUES (
	1787,
	'Humanitas',
	'Independentei nr.74'
); 


INSERT INTO Edituri VALUES (
	1788,
	'Libris',
	'Decebal nr.20'
); 


INSERT INTO Edituri VALUES (
	1789,
	'Elefant',
	'AI Cuza nr.21'
); 


INSERT INTO Edituri VALUES (
	1790,
	'Nemira',
	'Valea Mare nr.7'
); 

INSERT INTO Edituri VALUES (
	1791,
	'For You',
	'Spaniei nr.45'
); 


INSERT INTO Edituri VALUES (
	1792,
	'Litera',
	'Liberatatii nr.84'
); 


INSERT INTO Edituri VALUES (
	1793,
	'Niculescu',
	'Ion Creanga nr.1'
); 


INSERT INTO Edituri VALUES (
	1794,
	'Lifestyle',
	'Soarelui nr.100'
); 


INSERT INTO Edituri VALUES (
	1795,
	'GAMA',
	'Napoleon nr.98'
); 


INSERT INTO Edituri VALUES (
	1796,
	'CREATOR',
	'Castanilor nr. 53'
); 


INSERT INTO Edituri VALUES (
	1797,
	'SOPHIA',
	'Zambilei nr.55'
); 


INSERT INTO Edituri VALUES (
	1798,
	'CURTEA VECHE',
	'Teiilor nr. 46'
); 

INSERT INTO Edituri VALUES (
	1799,
	'TREI',
	'Titulescu nr.96'
); 


INSERT INTO Cititori VALUES (
	120,
	'Draghici',
	'Andreea',
	'ValterMar nr.7',
	0720300400
); 


INSERT INTO Cititori VALUES (
	121,
	'Badita',
	'Georgiana',
	'Morii nr.21',
	0721301401
); 


INSERT INTO Cititori VALUES (
	122,
	'Buca',
	'Beti',
	'Titulescu nr.25',
	0732103405
); 

INSERT INTO Cititori VALUES (
	123,
	'Ionescu',
	'George',
	'Iorgulescu nr.22',
	0723303403
); 


INSERT INTO Cititori VALUES (
	124,
	'Nartea',
	'Adrian',
	'Kogalniceanu nr.30',
	0724304404
); 


INSERT INTO Cititori VALUES (
	125,
	'Tiugan',
	'Nicoleta',
	'Constantei nr.48',
	0725305405
); 


INSERT INTO Cititori VALUES (
	126,
	'Melinte',
	'Olimpia',
	'Castanilor nr.88',
	0726306406
); 


INSERT INTO Cititori VALUES (
	127,
	'Dragomir',
	'Eliza',
	'Devei nr.67',
	0727307407
); 


INSERT INTO Cititori VALUES (
	128,
	'Oprea',
	'Emilian',
	'Sforii nr.95',
	0728308408
); 

INSERT INTO Cititori VALUES (
	129,
	'Rimboiu',
	'Cristina',
	'Brasov nr.66',
	0729309409
); 


INSERT INTO Cititori VALUES (
	130,
	'Raileanu',
	'Madalina',
	'Odesa nr.24',
	0730310410
); 

INSERT INTO Cititori VALUES (
	131,
	'Popescu',
	'Alexandru',
	'Tineretului nr.49',
	0731311411
); 

INSERT INTO Cititori VALUES (
	132,
	'Popescu',
	'Catalin',
	'Salcamului nr.51',
	0732312412
); 


INSERT INTO Cititori VALUES (
	133,
	'Popescu',
	'Sorin',
	'Doicesti nr.39',
	0733313413
); 


INSERT INTO Cititori VALUES (
	134,
	'Stanescu',
	'Stefan',
	'Valea mica nr.26',
	0734314414
); 


INSERT INTO Cititori VALUES (
	135,			
	'Avram',		
	'Felicia',		
	'Trandafirului nr.15',	
	0735315415		
); 


INSERT INTO Cititori VALUES (
	136,
	'Stanescu',
	'Stefan',
	'Simnicului nr.26',
	0734314414
); 


INSERT INTO Cititori VALUES (
	137,
	'Stanescu',
	'Ion',
	'Steaua nr.22',
	0734314414
); 


INSERT INTO Cititori VALUES (
	138,
	'Stanescu',
	'Grigore',
	'AI Cuza nr.22',
	0744578413
); 

INSERT INTO Cititori VALUES (
	139,
	'Ciontu',
	'Claudia',
	'Calea Bucuresti nr.22',
	0754214511
); 


INSERT INTO Categorie VALUES (
	'Psihologie'
); 


INSERT INTO Categorie VALUES (
	'Matematica'
); 


INSERT INTO Categorie VALUES (
	'Istorie'
); 


INSERT INTO Categorie VALUES (
	'Lingvistica'
); 


INSERT INTO Categorie VALUES (
	'Arta'
); 


INSERT INTO Categorie VALUES (
	'Limbi straine'
); 


INSERT INTO Categorie VALUES (
	'Folosofie'
); 

INSERT INTO Categorie VALUES (
	'Dezvoltare personala'
); 

INSERT INTO Categorie VALUES (
	'Marketing'
); 


INSERT INTO Categorie VALUES (
	'Business'
); 


INSERT INTO Categorie VALUES (
	'Stiinte exacte'
); 


INSERT INTO Categorie VALUES (
	'Tehnologie'
); 


INSERT INTO Categorie VALUES (
	'Computere'
); 


INSERT INTO Categorie VALUES (
	'Comedie'
); 

INSERT INTO Categorie VALUES (
	'Poezie'
); 


INSERT INTO Categorie VALUES (
	'Drama'
); 


INSERT INTO Categorie VALUES (
	'Biografii'
); 


INSERT INTO Carti VALUES (
	60697807,
	97860610,
	1793,
	'Emma',
	2015
); 


INSERT INTO Carti VALUES (
	60697812,
	97860621,
	1789,
	'Dalai Lama',
	2018
); 

INSERT INTO Carti VALUES (
	60697808,
	97860617,
	1793,
	'Karenina',
	2020
); 

INSERT INTO Carti VALUES (
	60697809,
	97860618,
	1792,
	'Dorian Grey',
	2013
); 

INSERT INTO Carti VALUES (
	60697810,
	97860619,
	1791,
	'Amintiri din copilarie',
	1959
); 


INSERT INTO Carti VALUES (
	60697811,
	97860620,
	1790,
	'Plumb',
	1900
); 


INSERT INTO Carti VALUES (
	60697814,
	97860623,
	1787,
	'Roma Antica',
	2017
); 

INSERT INTO Carti VALUES (
	606978013,
	97860625,
	1788,
	'Sarah',
	2016
); 

INSERT INTO Carti VALUES (
	60697815,	
	97860624,	
	1796,		
	'Muza',		
	2017		
); 

INSERT INTO Carti VALUES (
	60697801,
	97860615,
	1799,
	'Luceafarul',
	1883
); 

INSERT INTO Carti VALUES (
	60697802,
	97860614,
	1798,
	'Gheisa',
	2019
); 


INSERT INTO Carti VALUES (
	60697803,
	97860613,
	1797,
	'Strainul',
	2018
); 


INSERT INTO Carti VALUES (
	60697804,
	97860612,
	1796,
	'Faust',
	2017
); 


INSERT INTO Carti VALUES (
	60697805,
	97860611,
	1795,
	'Don Quijote',
	2016
); 


INSERT INTO Carti VALUES (
	606978,
	97860677,
	1785,
	'Prejudecata',
	2015
);


INSERT INTO Carti VALUES (
	60697806,
	97860610,
	1794,
	'Inteligenta',
	2016
);


INSERT INTO Carti VALUES (
	60697870,
	97860677,
	1798,
	'Moara cu noroc',
	1889
);


INSERT INTO Carti VALUES (
	60697867,
	97860688,
	1795,
	'Don Quijote',
	2016
); 


INSERT INTO Carti VALUES (
	60697895,
	97860679,
	1799,
	'Pe aripi de vant',
	2016
); 


INSERT INTO Carti VALUES (
	60697845,
	97860619,
	1785,
	'Fluturi',
	2015
); 


INSERT INTO Carti VALUES (
	60697865,
	97860619,
	1786,
	'Matematica clasa 1',
	2015
); 


INSERT INTO Carti VALUES (
	60697822,
	97860621,
	1788,
	'Psihologie',
	2012
); 

INSERT INTO Are VALUES (
	345,
	60697815,
	26
); 


INSERT INTO Are VALUES (
	345,
	60697814,
	7
); 


INSERT INTO Are VALUES (
	345,
	606978013,
	41
); 


INSERT INTO Are VALUES (
	345,
	60697812,
	89
); 


INSERT INTO Are VALUES (
	345,
	60697811,
	17
); 


INSERT INTO Are VALUES (
	345,
	60697810,
	20
); 


INSERT INTO Are VALUES (
	345,
	60697809,
	54
); 


INSERT INTO Are VALUES (
	345,
	60697808,
	39
); 


INSERT INTO Are VALUES (
	345,
	60697807,
	2
); 


INSERT INTO Are VALUES (
	345,
	60697822,
	211
); 


INSERT INTO Are VALUES (
	345,
	60697865,
	41
); 


INSERT INTO Are VALUES (
	345,
	60697867,
	2
); 

INSERT INTO Are VALUES (
	345,
	60697895,
	27
); 

INSERT INTO Are VALUES (
	345,
	60697845,
	56
); 


INSERT INTO Are VALUES (
	345,
	60697865,
	233
); 


INSERT INTO Are VALUES (
	345,
	60697801,
	23
); 


INSERT INTO Are VALUES (
	345,
	60697802,
	23
); 

INSERT INTO Are VALUES (
	345,
	60697803,
	23
); 

INSERT INTO Are VALUES (
	345,
	60697804,
	78
); 


INSERT INTO Are VALUES (
	345,
	60697805,
	23
); 


INSERT INTO Are VALUES (
	345,
	60697806,
	5
); 


INSERT INTO Are VALUES (
	345,
	60697800,
	23
); 


INSERT INTO Lucreaza VALUES (
	345,
	97860617
); 


INSERT INTO Lucreaza VALUES (
	345,
	97860618
);


INSERT INTO Lucreaza VALUES (
	345,
	97860619
);


INSERT INTO Lucreaza VALUES (
	345,
	97860620
);


INSERT INTO Lucreaza VALUES (
	345,
	97860621
);


INSERT INTO Lucreaza VALUES (
	345,
	97860622
);


INSERT INTO Lucreaza VALUES (
	345,
	97860623
);


INSERT INTO Lucreaza VALUES (
	345,
	97860624
);


INSERT INTO Lucreaza VALUES (
	345,
	97860625
);

INSERT INTO Lucreaza VALUES (
	345,
	97860615
);


INSERT INTO Lucreaza VALUES (
	345,
	97860614
);


INSERT INTO Lucreaza VALUES (
	345,
	97860613
);


INSERT INTO Lucreaza VALUES (
	345,
	97860613
);

INSERT INTO Lucreaza VALUES (
	345,
	97860612
);


INSERT INTO Lucreaza VALUES (
	345,
	97860611
);


INSERT INTO Lucreaza VALUES (
	345,
	97860610
);


INSERT INTO Lucreaza VALUES (
	345,
	97860609
);


INSERT INTO Lucreaza VALUES (
	345,
	97860677
);


INSERT INTO Lucreaza VALUES (
	345,
	97860679
);


INSERT INTO Lucreaza VALUES (
	345,
	97860688
);


INSERT INTO Scrise VALUES (
	60697807,
	271
);

INSERT INTO Scrise VALUES (
	60697808,
	272
);

INSERT INTO Scrise VALUES (
	60697809,
	273
);

INSERT INTO Scrise VALUES (
	60697810,
	274
);

INSERT INTO Scrise VALUES (
	60697811,
	275
);

INSERT INTO Scrise VALUES (
	60697812,
	276
);

INSERT INTO Scrise VALUES (
	606978013,
	277
);

INSERT INTO Scrise VALUES (
	60697814,
	278
);

INSERT INTO Scrise VALUES (
	60697815,
	279
);

INSERT INTO Scrise VALUES (
	60697801,
	280
);

INSERT INTO Scrise VALUES (
	60697802,
	281
);

INSERT INTO Scrise VALUES (
	60697803,
	282
);

INSERT INTO Scrise VALUES (
	60697804,
	283
);

INSERT INTO Scrise VALUES (
	60697805,
	284
);

INSERT INTO Scrise VALUES (
	60697806,
	285
);


INSERT INTO Scrise VALUES (
	60697822,
	285
);

INSERT INTO Scrise VALUES (
	60697865,
	291
);


INSERT INTO Scrise VALUES (
	60697845,
	276
);


INSERT INTO Imprumuta VALUES (
	60697815,
	135,
	97860616,
	'2020-09-28',
	'2020-10-10'
);

INSERT INTO Imprumuta VALUES (
	60697814,
	134,
	97860617,
	'2021-01-10',
	'2021-08-10'
);

INSERT INTO Imprumuta VALUES (
	606978013,
	133,
	97860618,
	'2021-02-10',
	'2021-02-20'
);

INSERT INTO Imprumuta VALUES (
	60697812,
	132,
	97860619,
	'2021-05-10',
	'2021-06-20'
);

INSERT INTO Imprumuta VALUES (
	60697811,
	131,
	97860620,
	'2021-04-10',
	'2021-04-21'
);

INSERT INTO Imprumuta VALUES (
	60697810,
	130,
	97860621,
	'2019-02-10',
	'2019-02-20'
);

INSERT INTO Imprumuta VALUES (
	60697809,
	129,
	97860622,
	'2021-05-10',
	'2021-05-29'
);

INSERT INTO Imprumuta VALUES (
	60697808,
	128,
	97860623,
	'2019-03-01',
	'2019-03-10'
);

INSERT INTO Imprumuta VALUES (
	60697807,
	127,
	97860624,
	'2021-09-12',
	'2021-09-22'
);

INSERT INTO Imprumuta VALUES (
	60697822,
	120,
	97860624,
	'2021-08-12',
	'2021-08-22'
);


INSERT INTO Imprumuta VALUES (
	60697870,
	121,
	97860624,
	'2021-08-12',
	'2021-08-22'
);

INSERT INTO Imprumuta VALUES (
	60697870,
	139,
	97860624,
	'2021-08-12',
	'2021-08-22'
);

INSERT INTO Imprumuta VALUES (
	60697870,
	135,
	97860624,
	'2021-01-12',
	'2021-01-22'
);


INSERT INTO Imprumuta VALUES (
	60697895,
	132,
	97860679,
	'2021-01-12',
	'2021-01-22'
);


INSERT INTO Imprumuta VALUES (
	60697810,
	139,
	97860688,
	'2021-07-12',
	'2021-07-25'
);

INSERT INTO Apartin VALUES (
	60697815,
	'Computere'
);

INSERT INTO Apartin VALUES (
	60697814,
	'Istorie'
);

INSERT INTO Apartin VALUES (
	60697812,
	'Dezvoltare personala'
);

INSERT INTO Apartin VALUES (
	60697810,
	'Psihologie'
);

INSERT INTO Apartin VALUES (
	60697822,
	'Psihologie'
);

INSERT INTO Apartin VALUES (
	60697812,
	'Poezie'
);

INSERT INTO Apartin VALUES (
	60697801,
	'Poezie'
);

INSERT INTO Apartin VALUES (
	60697870,
	'Biografii'
);

INSERT INTO Apartin VALUES (
	60697865,
	'Matematica'
);

INSERT INTO Apartin VALUES (
	60697800,
	'Dezvoltare personala'
);

INSERT INTO Apartin VALUES (
	60697845,
	'Arta'
);


INSERT INTO Apartin VALUES (
	60697807,
	'Drama'
);

INSERT INTO Apartin VALUES (
	60697808,
	'Folosofie'
);


INSERT INTO Apartin VALUES (
	60697867,
	'Limbi straine'
);

INSERT INTO Apartin VALUES (
	60697802,
	'Business'
);

INSERT INTO Apartin VALUES (
	60697803,
	'Drama'
);

INSERT INTO Apartin VALUES (
	60697804,
	'Marketing'
);


INSERT INTO Apartin VALUES (
	606978013,
	'Biografii'
);

INSERT INTO Apartin VALUES (
	60697806,
	'Psihologie'
);

INSERT INTO Apartin VALUES (
	60697895,
	'Stiinte exacte'
);


INSERT INTO Apartin VALUES (
	60697811,
	'Poezie'
);

INSERT INTO Publica VALUES (
	60697815,
	1785
);

INSERT INTO Publica VALUES (
	60697814,
	1786
);

INSERT INTO Publica VALUES (
	606978013,
	1787
);

INSERT INTO Publica VALUES (
	60697812,
	1788
);

INSERT INTO Publica VALUES (
	60697811,
	1789
);

INSERT INTO Publica VALUES (
	60697810,
	1790
);

INSERT INTO Publica VALUES (
	60697809,
	1791
);

INSERT INTO Publica VALUES (
	60697808,
	1792
);

INSERT INTO Publica VALUES (
	60697807,
	1793
);


INSERT INTO Publica VALUES (
	60697822,
	1793
);


INSERT INTO Publica VALUES (
	60697865,
	1793
);


INSERT INTO Publica VALUES (
	60697807,
	1790
);


INSERT INTO Publica VALUES (
	60697807,
	1799
);

INSERT INTO Publica VALUES (
	60697845,
	1799
);


INSERT INTO Publica VALUES (
	60697870,
	1789
);


INSERT INTO Publica VALUES (
	60697822,
	1785
);

